{"mean":{"confidence_interval":{"confidence_level":0.95,"lower_bound":-0.021007503981160604,"upper_bound":0.0003121207790445905},"point_estimate":-0.008241822113564612,"standard_error":0.005670153622998214},"median":{"confidence_interval":{"confidence_level":0.95,"lower_bound":-0.0017706200493692315,"upper_bound":0.0019784726057821},"point_estimate":0.00012642516751881772,"standard_error":0.000950707634618159}}