{"mean":{"confidence_interval":{"confidence_level":0.95,"lower_bound":-0.01528715412664049,"upper_bound":0.012343057393607363},"point_estimate":-0.0006908945917422082,"standard_error":0.007005423821457123},"median":{"confidence_interval":{"confidence_level":0.95,"lower_bound":-0.008083850861991704,"upper_bound":0.0031420835307329753},"point_estimate":-0.00305165286497322,"standard_error":0.002929922166755579}}