{"mean":{"confidence_interval":{"confidence_level":0.95,"lower_bound":133.89877432723458,"upper_bound":134.36659422231276},"point_estimate":134.12583483191636,"standard_error":0.11908849231766135},"median":{"confidence_interval":{"confidence_level":0.95,"lower_bound":133.82211026583323,"upper_bound":134.32544063098518},"point_estimate":134.07817386024448,"standard_error":0.1393577154527703},"median_abs_dev":{"confidence_interval":{"confidence_level":0.95,"lower_bound":0.7927486747639801,"upper_bound":1.3175236457461232},"point_estimate":1.0892458157267957,"standard_error":0.13466792784750767},"slope":{"confidence_interval":{"confidence_level":0.95,"lower_bound":133.5482426909444,"upper_bound":133.9089228206101},"point_estimate":133.72561284526645,"standard_error":0.09209222180656461},"std_dev":{"confidence_interval":{"confidence_level":0.95,"lower_bound":0.9611301924942728,"upper_bound":1.4073176921355044},"point_estimate":1.19496759274242,"standard_error":0.11432085974922522}}