{"mean":{"confidence_interval":{"confidence_level":0.95,"lower_bound":-0.022990096129502778,"upper_bound":-0.007164129314550286},"point_estimate":-0.01359196689245068,"standard_error":0.00416083748723798},"median":{"confidence_interval":{"confidence_level":0.95,"lower_bound":-0.01145410261117441,"upper_bound":-0.007990631802132997},"point_estimate":-0.009678733104779735,"standard_error":0.000851437164146072}}