{"mean":{"confidence_interval":{"confidence_level":0.95,"lower_bound":-0.05516096890843593,"upper_bound":-0.023616722177069227},"point_estimate":-0.03727944802393546,"standard_error":0.008141160260855573},"median":{"confidence_interval":{"confidence_level":0.95,"lower_bound":-0.02666316478602071,"upper_bound":-0.022745404252387868},"point_estimate":-0.02441643713456587,"standard_error":0.0010385456570753846}}