{"mean":{"confidence_interval":{"confidence_level":0.95,"lower_bound":-0.03469154398762081,"upper_bound":-0.00231152427451653},"point_estimate":-0.014401055251038186,"standard_error":0.009137556722102912},"median":{"confidence_interval":{"confidence_level":0.95,"lower_bound":-0.0057354410125634026,"upper_bound":0.0007674225474640917},"point_estimate":-0.0015934733486756558,"standard_error":0.0015311639827119928}}