{"mean":{"confidence_interval":{"confidence_level":0.95,"lower_bound":-0.02835360520034434,"upper_bound":-0.01347451252677688},"point_estimate":-0.01965812340124784,"standard_error":0.0038791556054288893},"median":{"confidence_interval":{"confidence_level":0.95,"lower_bound":-0.017036743297342838,"upper_bound":-0.013338200404602651},"point_estimate":-0.015097139043987462,"standard_error":0.0009223988402720054}}