{"mean":{"confidence_interval":{"confidence_level":0.95,"lower_bound":-0.01681905136922571,"upper_bound":-0.00855937158401026},"point_estimate":-0.01215467542072357,"standard_error":0.0021242936667933985},"median":{"confidence_interval":{"confidence_level":0.95,"lower_bound":-0.012287874736836013,"upper_bound":-0.008376622143285162},"point_estimate":-0.010025313163372296,"standard_error":0.0010279344285142867}}