{"mean":{"confidence_interval":{"confidence_level":0.95,"lower_bound":-0.05283357644639897,"upper_bound":-0.023368744326570868},"point_estimate":-0.036332840643005904,"standard_error":0.007588122930258586},"median":{"confidence_interval":{"confidence_level":0.95,"lower_bound":-0.02765187119072554,"upper_bound":-0.022137709172633024},"point_estimate":-0.025123049491545646,"standard_error":0.0013849197187809285}}