{"mean":{"confidence_interval":{"confidence_level":0.95,"lower_bound":32.22556987817625,"upper_bound":32.310246963304685},"point_estimate":32.263618469192465,"standard_error":0.021636594772724768},"median":{"confidence_interval":{"confidence_level":0.95,"lower_bound":32.20118084302285,"upper_bound":32.24928558982401},"point_estimate":32.22647360570605,"standard_error":0.012561755883974244},"median_abs_dev":{"confidence_interval":{"confidence_level":0.95,"lower_bound":0.07943334581898194,"upper_bound":0.14699644736688888},"point_estimate":0.11819510399075782,"standard_error":0.01693195906953051},"slope":{"confidence_interval":{"confidence_level":0.95,"lower_bound":32.21418148976501,"upper_bound":32.2763323406347},"point_estimate":32.242336249855256,"standard_error":0.015870198056101764},"std_dev":{"confidence_interval":{"confidence_level":0.95,"lower_bound":0.12466015525529674,"upper_bound":0.31836877838978256},"point_estimate":0.21841222606869115,"standard_error":0.05741360258406094}}