{"mean":{"confidence_interval":{"confidence_level":0.95,"lower_bound":-0.02647170633083883,"upper_bound":-0.01539303644829136},"point_estimate":-0.020147801337287885,"standard_error":0.002854666261034867},"median":{"confidence_interval":{"confidence_level":0.95,"lower_bound":-0.018571869112321227,"upper_bound":-0.013887569456503268},"point_estimate":-0.016620183052072468,"standard_error":0.001193054417499863}}