{"mean":{"confidence_interval":{"confidence_level":0.95,"lower_bound":-0.029058027162529955,"upper_bound":-0.006936004289846515},"point_estimate":-0.0162798300002559,"standard_error":0.005723240723171678},"median":{"confidence_interval":{"confidence_level":0.95,"lower_bound":-0.011560615386724331,"upper_bound":-0.007862638048008685},"point_estimate":-0.009666621121325436,"standard_error":0.0009505464054680683}}