{"mean":{"confidence_interval":{"confidence_level":0.95,"lower_bound":-0.028167685341229043,"upper_bound":-0.014675693397661909},"point_estimate":-0.02079791357485361,"standard_error":0.003465353379050093},"median":{"confidence_interval":{"confidence_level":0.95,"lower_bound":-0.015625349186141446,"upper_bound":-0.012107437520600504},"point_estimate":-0.013629558173250178,"standard_error":0.0008682618280224575}}